"Number","Player","Team","GP","MIN","PTS","FGM","FGA","FG","3PM","3PA","3P","FTM","FTA","FT","ORB","DRB","REB","AST","STL","BLK","TOV","PF","Score","AVG","SearchKey"
"1","Shai Gilgeous-Alexander","OKC","35","1209.4","1095","386","737","0.524","76","211","0.36","247","278","0.888","30","165","195","214","70","40","92","72","1320","38",
"2","Nikola Jokic","DEN","31","1150","977","372","673","0.553","71","150","0.473","162","201","0.806","108","296","404","301","53","19","101","65","1480","48",
"3","Jayson Tatum","BOS","34","1238.1","957","318","687","0.463","129","356","0.362","192","239","0.803","21","293","314","186","45","16","92","82","1273","37",
"4","DeAaron Fox","SAC","35","1305","933","345","710","0.486","71","221","0.321","172","213","0.808","37","136","173","216","57","12","115","98","1092","31",
"5","Anthony Edwards","MIN","36","1310.2","929","327","733","0.446","154","359","0.429","121","148","0.818","24","183","207","145","43","20","112","71","1057","29",
"6","Jalen Brunson","NYK","37","1295.6","925","316","663","0.477","85","220","0.386","208","254","0.819","17","93","110","281","31","2","86","83","1144","31",
"7","Giannis Antetokounmpo","MIL","29","1014.9","909","360","601","0.599","4","21","0.19","185","308","0.601","59","283","342","179","22","42","102","68","1226","42",
"8","Karl-Anthony Towns","NYK","35","1210.2","886","318","576","0.552","76","169","0.45","174","209","0.833","106","384","490","117","34","31","89","125","1315","38",
"9","Anthony Davis","LAL","34","1187.7","878","317","611","0.519","24","76","0.316","220","280","0.786","89","314","403","119","43","73","78","67","1244","37",
"10","Tyler Herro","MIA","35","1235.6","825","286","610","0.469","134","334","0.401","119","138","0.862","11","184","195","176","26","3","85","54","1026","29",
"11","Victor Wembanyama","SAS","32","1060.5","804","291","608","0.479","105","297","0.354","117","134","0.873","60","285","345","120","33","127","115","73","1039","32",
"12","Jaren Jackson Jr","MEM","35","1015.8","794","285","577","0.494","63","181","0.348","161","205","0.785","51","173","224","71","52","57","80","115","929","27",
"13","Donovan Mitchell","CLE","34","1064.7","791","280","613","0.457","130","315","0.413","101","124","0.815","17","132","149","158","50","8","70","66","958","28",
"14","Trae Young","ATL","35","1251.7","790","238","593","0.401","102","300","0.34","212","243","0.872","18","104","122","427","44","7","151","69","1037","30",
"15","LeBron James","LAL","33","1152.3","787","302","596","0.507","73","189","0.386","110","143","0.769","29","224","253","292","25","18","121","46","1090","33",
"16","Cade Cunningham","DET","32","1145.9","780","292","647","0.451","80","212","0.377","116","144","0.806","30","183","213","303","28","26","138","91","1020","32",
"17","Pascal Siakam","IND","38","1264.4","753","288","554","0.52","72","170","0.424","105","139","0.755","62","214","276","128","32","10","50","104","1057","28",
"18","James Harden","LAC","35","1178.8","749","216","555","0.389","97","286","0.339","220","250","0.88","21","188","209","275","51","23","166","71","901","26",
"19","Zach LaVine","CHI","32","1075.5","747","270","527","0.512","104","234","0.444","103","126","0.817","8","139","147","143","27","9","93","52","851","27",
"20","Tyrese Maxey","PHI","29","1081","740","255","606","0.421","94","278","0.338","136","164","0.829","5","91","96","164","61","12","70","66","860","30",
"21","Devin Booker","PHX","30","1094.1","737","235","548","0.429","76","226","0.336","191","214","0.893","32","85","117","204","32","9","69","65","920","31",
"22","Kyrie Irving","DAL","30","1067.7","729","269","549","0.49","93","211","0.441","98","109","0.899","31","106","137","147","36","11","68","66","877","29",
"23","Jalen Green","HOU","36","1175.9","729","255","614","0.415","96","290","0.331","123","142","0.866","20","144","164","91","35","11","83","63","818","23",
"24","Nikola Vucevic","CHI","36","1156.7","727","296","535","0.553","73","172","0.424","62","74","0.838","81","282","363","117","28","24","57","85","1093","30",
"25","Jalen Williams","OKC","35","1137.5","720","284","594","0.478","62","176","0.352","90","116","0.776","30","173","203","180","62","24","79","90","945","27",
"26","Jaylen Brown","BOS","30","1068.3","718","265","576","0.46","66","203","0.325","122","164","0.744","43","137","180","140","39","9","84","71","870","29",
"27","LaMelo Ball","CHA","24","809.9","718","249","589","0.423","107","313","0.342","113","136","0.831","25","105","130","174","33","5","94","88","834","35",
"28","Norman Powell","LAC","30","990.4","712","243","508","0.478","107","245","0.437","119","141","0.844","10","92","102","69","36","5","65","60","753","25",
"29","Julius Randle","MIN","36","1189.1","703","241","507","0.475","62","173","0.358","159","194","0.82","69","180","249","159","24","7","108","91","895","25",
"30","Domantas Sabonis","SAC","34","1221","700","276","466","0.592","36","81","0.444","112","144","0.778","130","339","469","214","25","17","98","121","1187","35",
"31","Tyrese Haliburton","IND","38","1328.7","698","238","540","0.441","114","316","0.361","108","127","0.85","26","114","140","338","47","23","67","51","1042","27",
"32","Mikal Bridges","NYK","38","1486.3","698","289","581","0.497","89","260","0.342","31","44","0.705","35","90","125","120","42","19","59","54","825","22",
"33","Darius Garland","CLE","34","1019","697","250","505","0.495","100","232","0.431","97","106","0.915","16","73","89","226","39","8","79","73","854","25",
"34","Damian Lillard","MIL","28","1009.3","694","211","480","0.44","97","258","0.376","175","191","0.916","17","107","124","207","32","4","79","50","867","31",
"35","Michael Porter Jr","DEN","36","1241.8","685","261","498","0.524","96","227","0.423","67","94","0.713","54","186","240","93","24","14","51","73","916","25",
"36","Kevin Durant","PHX","25","900.7","684","241","466","0.517","58","142","0.408","144","171","0.842","12","151","163","98","18","32","83","43","779","31",
"37","Alperen Sengun","HOU","36","1129.4","683","272","555","0.49","11","54","0.204","128","170","0.753","121","254","375","181","45","32","90","100","1059","29",
"38","RJ Barrett","TOR","29","982.2","673","247","532","0.464","55","160","0.344","124","174","0.713","31","166","197","174","20","12","94","71","856","30",
"39","DeMar DeRozan","SAC","32","1132.4","667","249","512","0.486","23","75","0.307","146","170","0.859","18","102","120","121","42","13","51","67","806","25",
"40","Stephen Curry","GSW","29","905.2","660","220","484","0.455","129","305","0.423","91","98","0.929","13","130","143","176","33","16","90","35","799","28",
"41","Coby White","CHI","35","1150.9","649","221","510","0.433","110","297","0.37","97","110","0.882","13","106","119","162","39","6","84","86","762","22",
"42","Jalen Johnson","ATL","32","1163.3","635","253","494","0.512","44","133","0.331","85","113","0.752","58","266","324","169","48","34","97","64","934","29",
"43","OG Anunoby","NYK","38","1386.5","630","238","498","0.478","80","224","0.357","74","93","0.796","47","137","184","72","55","36","51","91","784","21",
"44","Collin Sexton","UTA","35","998.8","626","224","467","0.48","70","162","0.432","108","120","0.9","32","66","98","136","26","3","90","79","680","19",
"45","Bennedict Mathurin","IND","38","1244.1","625","216","469","0.461","55","152","0.362","138","166","0.831","48","182","230","74","24","13","78","101","773","20",
"46","Cameron Johnson","BRK","32","1044.2","624","204","411","0.496","105","241","0.436","111","124","0.895","25","111","136","97","28","14","53","59","751","23",
"47","Evan Mobley","CLE","33","998.1","622","240","420","0.571","38","91","0.418","104","133","0.782","68","218","286","94","33","49","69","72","864","26",
"48","Luka Doncic","DAL","22","784.5","619","216","466","0.464","75","212","0.354","112","146","0.767","16","167","183","172","44","9","75","58","824","37",
"49","Anfernee Simons","POR","33","1048.6","611","218","505","0.432","94","264","0.356","81","89","0.91","10","81","91","168","31","2","79","63","712","22",
"50","Jordan Poole","WAS","28","879","611","197","453","0.435","101","249","0.406","116","137","0.847","11","65","76","139","46","14","100","94","626","22",
"51","Franz Wagner","ORL","26","829","610","220","473","0.465","51","159","0.321","119","135","0.881","23","117","140","142","43","12","61","58","770","30",
"52","Derrick White","BOS","35","1201.9","599","207","458","0.452","125","319","0.392","60","73","0.822","33","125","158","155","33","44","60","72","792","23",
"53","Jamal Murray","DEN","30","1100.9","583","211","483","0.437","64","172","0.372","97","113","0.858","16","108","124","188","48","20","66","54","763","25",
"54","Lauri Markkanen","UTA","29","922.6","576","181","416","0.435","86","233","0.369","128","144","0.889","50","129","179","56","25","8","42","49","727","25",
"55","Malik Beasley","DET","36","1016.3","575","201","481","0.418","133","336","0.396","40","57","0.702","20","90","110","66","31","2","39","48","673","19",
"56","Bam Adebayo","MIA","35","1203.6","568","217","476","0.456","25","90","0.278","109","151","0.722","83","261","344","161","53","29","75","72","923","26",
"57","Austin Reaves","LAL","31","1080","566","190","434","0.438","82","227","0.361","104","128","0.813","29","105","134","182","33","4","77","65","728","23",
"58","Jalen Suggs","ORL","34","986.8","559","194","473","0.41","74","237","0.312","97","107","0.907","23","116","139","126","50","33","99","93","626","18",
"59","Ivica Zubac","LAC","37","1187.9","553","247","402","0.614","0","0","0","59","109","0.541","140","323","463","94","24","43","67","73","976","26",
"60","CJ McCollum","NOP","25","832.9","553","211","465","0.454","78","210","0.371","53","75","0.707","17","74","91","96","22","12","43","60","654","26",
"61","Payton Pritchard","BOS","37","1031.5","549","189","405","0.467","129","307","0.42","42","50","0.84","53","85","138","124","34","5","38","60","735","20",
"62","Jonathan Kuminga","GSW","32","832","536","194","423","0.459","40","116","0.345","108","169","0.639","44","115","159","70","29","18","50","61","665","21",
"63","Josh Hart","NYK","37","1396.3","534","202","357","0.566","50","134","0.373","80","99","0.808","73","264","337","209","53","15","71","95","938","25",
"64","Myles Turner","IND","35","1095.4","529","195","396","0.492","68","173","0.393","71","98","0.724","50","195","245","55","29","73","75","97","679","19",
"65","Brandon Miller","CHA","25","857.2","529","184","457","0.403","98","275","0.356","63","71","0.887","22","100","122","89","26","19","70","68","600","24",
"66","Dennis Schroder","GSW","34","1078.7","528","183","440","0.416","72","203","0.355","90","105","0.857","10","84","94","203","32","5","81","82","663","20",
"67","Jaden Ivey","DET","30","898.1","528","190","413","0.46","63","154","0.409","85","116","0.733","40","84","124","119","28","11","89","67","593","20",
"68","Andrew Wiggins","GSW","32","927.6","526","187","412","0.454","67","170","0.394","85","107","0.794","48","92","140","75","29","26","39","56","663","21",
"69","Gradey Dick","TOR","31","970.9","519","176","433","0.406","75","215","0.349","92","103","0.893","25","85","110","66","30","7","55","73","585","19",
"70","DeAndre Hunter","ATL","26","724","512","166","347","0.478","72","164","0.439","108","127","0.85","17","87","104","36","22","3","37","60","578","22",
"71","Malik Monk","SAC","30","925.4","510","180","410","0.439","73","209","0.349","77","87","0.885","9","100","109","156","28","16","59","74","657","22",
"72","Fred VanVleet","HOU","34","1206.7","508","178","469","0.38","84","264","0.318","68","84","0.81","26","120","146","204","54","18","50","81","758","22",
"73","Deni Avdija","POR","36","993.3","507","170","365","0.466","55","151","0.364","112","142","0.789","47","173","220","115","35","23","87","80","668","19",
"74","Shaedon Sharpe","POR","28","885.3","504","189","413","0.458","54","177","0.305","72","92","0.783","18","84","102","74","24","7","46","48","588","21",
"75","Scottie Barnes","TOR","24","821.5","487","187","397","0.471","38","130","0.292","75","102","0.735","39","151","190","155","33","19","87","52","658","27",
"76","Christian Braun","DEN","35","1170.9","485","187","335","0.558","34","91","0.374","77","96","0.802","40","123","163","76","42","21","38","82","648","19",
"77","John Collins","UTA","27","808","484","177","337","0.525","39","89","0.438","91","105","0.867","63","160","223","68","30","25","68","78","639","24",
"78","Jarrett Allen","CLE","35","1015.4","481","199","286","0.696","0","1","0","83","114","0.728","84","269","353","63","34","32","37","47","823","24",
"79","Jakob Poeltl","TOR","32","1020.1","481","207","341","0.607","0","2","0","67","98","0.684","117","221","338","83","37","40","69","110","764","24",
"80","Trey Murphy III","NOP","23","785.1","475","162","364","0.445","72","198","0.364","79","87","0.908","22","85","107","62","26","16","37","52","570","25",
"81","Bobby Portis","MIL","34","858.6","471","193","415","0.465","48","126","0.381","37","47","0.787","61","214","275","73","27","19","44","59","731","22",
"82","Cam Thomas","BRK","19","614.2","469","151","337","0.448","54","144","0.375","113","129","0.876","10","58","68","64","14","1","51","36","499","26",
"83","Desmond Bane","MEM","28","811.8","467","173","370","0.468","57","164","0.348","64","75","0.853","23","142","165","145","33","14","72","71","633","23",
"84","Naz Reid","MIN","36","894.7","457","171","372","0.46","62","177","0.35","53","67","0.791","33","153","186","61","24","30","48","89","608","17",
"85","Tobias Harris","DET","34","1087.6","456","169","379","0.446","50","142","0.352","68","79","0.861","37","186","223","81","27","28","40","69","680","20",
"86","Russell Westbrook","DEN","36","974.1","454","169","369","0.458","42","131","0.321","74","118","0.627","44","130","174","240","60","19","102","95","664","18",
"87","Klay Thompson","DAL","32","889.9","454","162","391","0.414","98","253","0.387","32","35","0.914","19","89","108","62","30","13","42","42","540","17",
"88","Dillon Brooks","HOU","33","1046.1","449","162","385","0.421","77","198","0.389","48","55","0.873","42","87","129","51","22","9","33","111","563","17",
"89","Julian Champagnie","SAS","37","1013.2","444","152","355","0.428","98","260","0.377","42","47","0.894","28","142","170","47","28","19","39","56","583","16",
"90","Bradley Beal","PHX","25","828.2","444","175","361","0.485","54","138","0.391","40","52","0.769","18","70","88","81","28","18","51","66","511","20",
"91","Jaylen Wells","MEM","37","956","438","156","353","0.442","70","185","0.378","56","68","0.824","41","90","131","64","19","5","43","66","547","15",
"92","Keyonte George","UTA","28","881.6","438","148","375","0.395","75","214","0.35","67","84","0.798","12","82","94","159","21","5","93","50","505","18",
"93","Buddy Hield","GSW","36","816.7","437","157","369","0.425","98","255","0.384","25","28","0.893","22","100","122","51","27","9","45","67","520","14",
"94","Jerami Grant","POR","29","948","435","141","369","0.382","71","186","0.382","82","100","0.82","15","89","104","68","25","29","41","66","525","18",
"95","Brook Lopez","MIL","35","1116.5","434","166","340","0.488","69","185","0.373","33","44","0.75","41","130","171","56","31","66","39","74","583","17",
"96","Dyson Daniels","ATL","33","1099.4","427","180","399","0.451","40","127","0.315","27","46","0.587","51","113","164","119","103","29","59","80","592","18",
"97","Amen Thompson","HOU","34","972.6","425","166","293","0.567","11","45","0.244","82","118","0.695","89","169","258","78","39","35","63","77","635","19",
"98","Keldon Johnson","SAS","34","837.3","425","158","348","0.454","37","132","0.28","72","95","0.758","45","133","178","51","23","7","27","49","600","18",
"99","Ja Morant","MEM","20","553.5","424","142","313","0.454","31","96","0.323","109","130","0.838","13","75","88","158","22","8","76","32","518","26",
"100","Kelly Oubre Jr","PHI","32","1049.3","424","163","355","0.459","39","139","0.281","59","81","0.728","51","134","185","51","44","18","42","91","576","18",
"101","Jonas Valanciunas","WAS","35","701.8","417","172","311","0.553","4","20","0.2","69","76","0.908","85","198","283","80","17","26","70","63","640","18",
"102","Tyus Jones","PHX","34","1044.5","412","157","324","0.485","74","175","0.423","24","28","0.857","19","69","88","207","33","5","43","37","621","18",
"103","Daniel Gafford","DAL","35","705.1","408","168","234","0.718","0","0","0","72","108","0.667","85","126","211","40","16","49","38","89","583","17",
"104","Harrison Barnes","SAS","37","1031.2","407","136","284","0.479","55","135","0.407","80","99","0.808","53","85","138","57","11","7","23","34","556","15",
"105","Scotty Pippen Jr","MEM","37","844.2","406","151","320","0.472","46","120","0.383","58","83","0.699","29","100","129","180","44","16","78","92","559","15",
"106","Santi Aldama","MEM","31","796.7","403","158","311","0.508","54","139","0.388","33","43","0.767","48","178","226","92","28","17","38","32","645","21",
"107","Zaccharie Risacher","ATL","37","889.5","403","151","373","0.405","45","158","0.285","56","79","0.709","48","81","129","45","29","21","44","77","489","13",
"108","Brandon Ingram","NOP","18","595.1","400","155","333","0.465","43","115","0.374","47","55","0.855","17","83","100","93","16","11","69","45","455","25",
"109","Ochai Agbaji","TOR","37","1090.2","398","160","316","0.506","59","146","0.404","19","28","0.679","34","106","140","66","31","19","30","82","544","15",
"110","Keegan Murray","SAC","34","1206.4","397","153","370","0.414","57","189","0.302","34","39","0.872","76","176","252","48","24","27","31","99","635","19",
"111","DAngelo Russell","BRK","32","831.4","397","142","339","0.419","59","180","0.328","54","63","0.857","8","78","86","160","28","6","57","58","529","17",
"112","Josh Giddey","CHI","33","902.1","393","150","338","0.444","40","124","0.323","53","72","0.736","47","181","228","221","33","16","91","47","660","20",
"113","Jabari Smith Jr","HOU","33","1020.7","393","136","313","0.435","56","158","0.354","65","75","0.867","59","156","215","33","12","32","30","75","581","18",
"114","Miles Bridges","CHA","22","684.5","393","141","339","0.416","42","148","0.284","69","78","0.885","19","151","170","79","16","13","43","34","556","25",
"115","PJ Washington","DAL","30","965","392","144","329","0.438","49","127","0.386","55","74","0.743","41","183","224","63","36","31","51","64","577","19",
"116","TJ McConnell","IND","37","716.5","389","176","323","0.545","7","24","0.292","30","42","0.714","22","71","93","157","45","9","58","40","523","14",
"117","Bilal Coulibaly","WAS","31","1040.5","389","140","330","0.424","34","115","0.296","75","97","0.773","45","123","168","108","41","24","65","76","535","17",
"118","Paul George","PHI","24","767.6","388","140","338","0.414","52","155","0.335","56","69","0.812","17","117","134","111","43","10","63","60","507","21",
"119","BJ Boston Jr","NOP","35","872.5","388","144","331","0.435","41","123","0.333","59","73","0.808","26","94","120","89","47","8","48","62","501","14",
"120","Jimmy Butler","MIA","22","677.9","387","128","232","0.552","12","32","0.375","119","151","0.788","51","70","121","103","27","8","27","21","557","25",
"121","Moe Wagner","ORL","30","564.2","386","140","249","0.562","27","75","0.36","79","110","0.718","40","108","148","42","24","12","49","55","478","16",
"122","Stephon Castle","SAS","36","885.7","385","137","358","0.383","34","134","0.254","77","109","0.706","22","64","86","133","28","11","64","61","476","13",
"123","Deandre Ayton","POR","27","818.9","383","179","314","0.57","6","28","0.214","19","31","0.613","80","197","277","41","22","27","48","60","605","22",
"124","Amir Coffey","LAC","36","904","379","133","279","0.477","61","140","0.436","52","60","0.867","21","73","94","42","19","3","25","57","465","13",
"125","Jrue Holiday","BOS","31","953.9","378","137","303","0.452","58","169","0.343","46","51","0.902","35","95","130","124","31","13","43","47","546","18",
"126","Ayo Dosunmu","CHI","30","923.7","377","147","300","0.49","40","125","0.32","43","54","0.796","18","100","118","145","24","14","40","68","560","19",
"127","Terry Rozier","MIA","31","896.2","376","136","340","0.4","49","163","0.301","55","61","0.902","22","105","127","89","19","13","48","48","496","16",
"128","Duncan Robinson","MIA","33","769.5","371","133","311","0.428","85","220","0.386","20","23","0.87","10","66","76","91","17","3","30","67","478","14",
"129","Rui Hachimura","LAL","31","1002.5","370","138","285","0.484","46","111","0.414","48","61","0.787","52","107","159","47","27","19","31","61","514","17",
"130","Obi Toppin","IND","35","691.8","366","141","255","0.553","42","119","0.353","42","50","0.84","27","116","143","58","26","12","23","53","521","15",
"131","Alex Sarr","WAS","31","841.2","364","137","336","0.408","44","141","0.312","46","71","0.648","60","143","203","71","20","50","50","85","538","17",
"132","Quentin Grimes","DAL","35","789.3","364","127","271","0.469","61","150","0.407","49","65","0.754","27","119","146","72","23","9","42","56","498","14",
"133","Rudy Gobert","MIN","36","1208.7","361","139","224","0.621","0","0","0","83","121","0.686","124","259","383","61","22","55","55","94","695","19",
"134","Donte DiVincenzo","MIN","36","928.4","360","122","315","0.387","84","238","0.353","32","38","0.842","15","111","126","124","42","7","62","56","486","14",
"135","Chris Paul","SAS","37","1075.4","356","120","288","0.417","64","178","0.36","52","53","0.981","20","140","160","308","51","8","62","67","700","19",
"136","Corey Kispert","WAS","30","817.1","356","128","288","0.444","63","177","0.356","37","43","0.86","15","80","95","50","15","6","33","51","435","14",
"137","Clint Capela","ATL","37","846","354","160","273","0.586","0","0","0","34","67","0.507","121","208","329","47","23","36","36","73","658","18",
"138","Guerschon Yabusele","PHI","35","867.1","353","126","252","0.5","55","137","0.401","46","67","0.687","62","125","187","62","26","16","41","84","520","15",
"139","Dalton Knecht","LAL","36","790.4","352","130","279","0.466","59","166","0.355","33","42","0.786","23","95","118","36","14","3","20","48","466","13",
"140","Jordan Clarkson","UTA","22","562.3","352","119","287","0.415","41","120","0.342","73","90","0.811","14","60","74","84","19","7","55","33","400","18",
"141","Jared McCain","PHI","23","591.8","352","126","274","0.46","51","133","0.383","49","56","0.875","13","43","56","60","15","0","37","37","394","17",
"142","Jaden McDaniels","MIN","36","1078.1","350","139","319","0.436","45","138","0.326","27","37","0.73","49","116","165","56","50","26","39","104","493","14",
"143","Tim Hardaway Jr","DET","33","920.9","346","116","274","0.423","66","182","0.363","48","58","0.828","7","57","64","52","12","0","21","45","420","13",
"144","Dejounte Murray","NOP","21","699.3","342","129","333","0.387","28","110","0.255","56","69","0.812","11","119","130","162","52","10","80","46","474","23",
"145","Julian Strawther","DEN","36","773","341","121","266","0.455","52","139","0.374","47","55","0.855","11","71","82","49","25","12","29","85","414","12",
"146","Yves Missi","NOP","37","1009","340","134","242","0.554","0","1","0","72","108","0.667","140","171","311","55","22","52","41","82","624","17",
"147","Ty Jerome","CLE","34","601.2","340","124","253","0.49","47","113","0.416","45","50","0.9","21","54","75","120","39","1","36","51","463","14",
"148","Kentavious Caldwell-Pope","ORL","37","1145.2","340","118","286","0.413","56","182","0.308","48","52","0.923","12","64","76","74","61","23","31","75","428","12",
"149","Derrick Jones","LAC","35","852.3","339","135","269","0.502","35","99","0.354","34","40","0.85","40","75","115","31","44","11","32","71","421","12",
"150","Luguentz Dort","OKC","34","1009.7","336","115","286","0.402","78","194","0.402","28","35","0.8","50","103","153","53","39","25","21","107","500","15",
"151","Devin Vassell","SAS","22","636.7","335","127","297","0.428","44","129","0.341","37","47","0.787","18","64","82","67","26","10","36","34","412","19",
"152","Toumani Camara","POR","35","1087.9","334","125","283","0.442","51","146","0.349","33","43","0.767","75","119","194","70","49","17","52","100","494","14",
"153","Caris LeVert","CLE","29","692.9","332","117","236","0.496","51","114","0.447","47","70","0.671","14","67","81","110","29","14","38","39","447","15",
"154","Onyeka Okongwu","ATL","30","707.2","327","130","241","0.539","11","49","0.224","56","73","0.767","76","129","205","44","21","25","21","68","534","18",
"155","Aaron Wiggins","OKC","35","705","327","127","269","0.472","52","131","0.397","21","25","0.84","31","81","112","48","29","10","29","42","429","12",
"156","Jalen Wilson","BRK","35","948","325","111","283","0.392","50","154","0.325","53","62","0.855","37","80","117","62","18","1","37","83","430","12",
"157","Royce ONeale","PHX","31","816.8","324","115","257","0.447","78","177","0.441","16","21","0.762","31","142","173","73","30","19","31","71","508","16",
"158","Bub Carrington","WAS","35","1057.6","324","123","293","0.42","56","156","0.359","22","28","0.786","12","137","149","142","26","8","60","95","495","14",
"159","Spencer Dinwiddie","DAL","35","813.7","324","98","252","0.389","45","133","0.338","83","95","0.874","8","70","78","122","28","8","38","52","448","13",
"160","Nickeil Alexander-Walker","MIN","36","822.4","324","117","241","0.485","61","141","0.433","29","39","0.744","18","79","97","86","27","12","49","59","409","11",
"161","Gary Trent Jr","MIL","33","810.6","323","112","256","0.438","70","165","0.424","29","32","0.906","6","68","74","29","36","1","21","67","384","12",
"162","Goga Bitadze","ORL","33","821.3","322","135","217","0.622","2","18","0.111","50","74","0.676","98","183","281","82","29","54","50","81","585","18",
"163","Kevin Porter Jr","LAC","33","653.4","321","129","306","0.422","21","85","0.247","42","67","0.627","22","95","117","107","33","9","69","55","407","12",
"164","Chris Boucher","TOR","32","546.7","318","113","241","0.469","38","119","0.319","54","68","0.794","40","90","130","21","20","20","22","43","425","13",
"165","Peyton Watson","DEN","36","879.5","317","116","241","0.481","26","78","0.333","59","78","0.756","34","87","121","51","30","40","29","69","431","12",
"166","Joel Embiid","PHI","13","382.6","317","99","219","0.452","16","49","0.327","103","112","0.92","22","81","103","50","11","13","41","29","388","30",
"167","Jalen Duren","DET","33","822.3","316","132","192","0.688","0","0","0","52","86","0.605","109","200","309","76","18","37","63","105","575","17",
"168","Scoot Henderson","POR","29","749.2","316","113","280","0.404","30","99","0.303","60","79","0.759","19","65","84","147","32","8","81","74","385","13",
"169","Walker Kessler","UTA","29","859.2","311","133","187","0.711","2","4","0.5","43","77","0.558","123","203","326","48","15","74","42","65","601","21",
"170","Naji Marshall","DAL","28","665.9","306","120","240","0.5","23","75","0.307","43","49","0.878","28","68","96","62","25","2","38","39","388","14",
"171","Georges Niang","CLE","35","719.1","304","116","241","0.481","60","155","0.387","12","16","0.75","24","111","135","55","12","5","36","82","422","12",
"172","Tristan Da Silva","ORL","34","884.2","303","116","274","0.423","44","134","0.328","27","34","0.794","39","94","133","59","14","7","32","52","431","13",
"173","Trayce Jackson-Davis","GSW","35","681.6","302","132","226","0.584","0","1","0","38","58","0.655","73","132","205","76","16","30","31","48","521","15",
"174","Kevin Huerter","SAC","33","794.2","302","114","268","0.425","56","178","0.315","18","25","0.72","17","93","110","63","33","16","32","66","411","12",
"175","Jake LaRavia","MEM","36","803.9","300","103","208","0.495","34","77","0.442","60","84","0.714","51","107","158","122","30","18","60","75","460","13",
"176","James Huff","MEM","33","504.9","299","105","200","0.525","56","131","0.427","33","43","0.767","18","66","84","25","10","36","23","56","362","11",
"177","Jeremy Sochan","SAS","22","637","294","116","219","0.53","11","39","0.282","51","70","0.729","59","118","177","57","20","14","40","52","448","20",
"178","Nicolas Claxton","BRK","30","777.7","291","126","228","0.553","1","11","0.091","38","70","0.543","56","170","226","60","26","33","38","65","501","17",
"179","Anthony Black","ORL","34","817.5","290","99","243","0.407","21","79","0.266","71","93","0.763","19","71","90","122","32","22","74","78","354","10",
"180","Max Christie","LAL","35","814.5","284","90","196","0.459","37","100","0.37","67","76","0.882","24","61","85","47","32","14","27","58","362","10",
"181","Jaime Jaquez Jr","MIA","31","707.8","283","104","242","0.43","16","62","0.258","59","82","0.72","42","106","148","79","38","4","47","49","416","13",
"182","Draymond Green","GSW","32","910.5","279","97","231","0.42","46","124","0.371","39","63","0.619","33","166","199","181","34","35","80","101","499","16",
"183","Caleb Martin","PHI","30","907.3","276","99","224","0.442","32","84","0.381","46","74","0.622","42","91","133","65","33","19","43","61","388","13",
"184","Miles McBride","NYK","28","687.1","273","96","226","0.425","53","132","0.402","28","35","0.8","21","53","74","84","25","6","25","45","381","14",
"185","AJ Green","MIL","33","717","272","92","198","0.465","80","176","0.455","8","9","0.889","6","65","71","45","17","4","20","71","348","11",
"186","Kyle Kuzma","WAS","18","480.2","272","113","252","0.448","21","79","0.266","25","43","0.581","11","86","97","37","11","4","41","29","324","18",
"187","Cody Martin","CHA","33","849.4","270","104","236","0.441","34","111","0.306","28","41","0.683","35","123","158","78","40","24","36","65","434","13",
"188","Tari Eason","HOU","24","546.3","270","105","221","0.475","23","73","0.315","37","49","0.755","51","100","151","25","46","24","20","59","406","17",
"189","Isaiah Joe","OKC","33","661.1","269","95","242","0.393","67","190","0.353","12","17","0.706","16","68","84","45","25","6","14","47","370","11",
"190","Keon Johnson","BRK","34","710.6","269","99","273","0.363","46","155","0.297","25","33","0.758","23","93","116","50","27","11","44","87","347","10",
"191","Grayson Allen","PHX","26","620.6","268","84","203","0.414","57","147","0.388","43","52","0.827","17","65","82","48","22","9","27","38","344","13",
"192","Jalen Smith","CHI","33","506.5","267","94","204","0.461","38","112","0.339","41","50","0.82","48","134","182","27","11","25","20","55","436","13",
"193","Brice Sensabaugh","UTA","28","489.6","264","95","197","0.482","50","117","0.427","24","26","0.923","19","59","78","36","17","3","40","36","298","11",
"194","Patrick Williams","CHI","27","737.5","263","90","230","0.391","48","128","0.375","35","42","0.833","20","92","112","60","23","16","41","38","353","13",
"195","Mike Conley","MIN","32","798.6","258","81","227","0.357","57","156","0.365","39","43","0.907","17","69","86","141","44","6","38","49","409","13",
"196","Taurean Prince","MIL","35","900.5","257","93","208","0.447","58","131","0.443","13","18","0.722","21","115","136","64","31","6","43","66","371","11",
"197","Kristaps Porzingis","BOS","14","390.4","256","85","186","0.457","26","79","0.329","60","71","0.845","25","70","95","24","11","19","14","33","347","25",
"198","Dereck Lively II","DAL","29","703","253","107","153","0.699","0","0","0","39","64","0.609","89","140","229","75","17","48","34","86","489","17",
"199","Brandon Clarke","MEM","34","632.9","253","114","190","0.6","1","16","0.063","24","38","0.632","58","116","174","32","26","18","18","75","423","12",
"200","Al Horford","BOS","29","811.6","252","92","217","0.424","58","158","0.367","10","12","0.833","29","130","159","64","23","24","26","47","423","15",
"201","Brandon Clarke","MEM","34","632.9","253","114","190","0.6","1","16","0.063","24","38","0.632","58","116","174","32","26","18","18","75","423","12",
"202","Al Horford","BOS","29","811.6","252","92","217","0.424","58","158","0.367","10","12","0.833","29","130","159","64","23","24","26","47","423","15",
"203","Keon Ellis","SAC","35","755.6","250","81","174","0.466","50","120","0.417","38","45","0.844","27","57","84","42","48","28","30","66","316","9",
"204","Jarace Walker","IND","38","662.8","250","89","190","0.468","40","100","0.4","32","50","0.64","13","107","120","56","39","12","44","62","338","9",
"205","Malcolm Brogdon","WAS","18","447.3","249","86","194","0.443","15","48","0.313","62","70","0.886","17","56","73","71","10","5","31","26","331","18",
"206","Garrison Mathews","ATL","28","532","247","72","169","0.426","59","141","0.418","44","53","0.83","10","40","50","43","20","10","21","49","298","11",
"207","Nikola Jovic","MIA","26","559.1","246","82","182","0.451","33","91","0.363","49","59","0.831","13","81","94","53","23","5","21","35","351","14",
"208","Dorian Finney-Smith","LAL","25","701.4","245","86","187","0.46","55","127","0.433","18","27","0.667","39","68","107","37","21","12","20","68","349","14",
"209","Cole Anthony","ORL","35","478.6","245","89","230","0.387","28","90","0.311","39","50","0.78","16","70","86","86","15","8","52","62","313","9",
"210","Andrew Nembhard","IND","23","633.6","244","91","195","0.467","19","57","0.333","43","51","0.843","11","66","77","112","20","3","40","46","353","15",
"211","Dalano Banton","POR","27","433","244","88","212","0.415","31","90","0.344","37","56","0.661","9","49","58","68","24","13","44","28","282","10",
"212","Cason Wallace","OKC","35","947.9","243","99","229","0.432","34","107","0.318","11","13","0.846","37","79","116","83","60","23","22","75","398","11",
"213","Zach Edey","MEM","23","493.1","243","101","170","0.594","9","23","0.391","32","51","0.627","81","95","176","22","16","26","39","63","363","16",
"214","Kris Dunn","LAC","37","865.6","242","99","226","0.438","38","116","0.328","6","12","0.5","27","100","127","98","59","13","44","93","379","10",
"215","Moses Moody","GSW","30","478.7","240","82","185","0.443","45","113","0.398","31","42","0.738","12","41","53","25","13","6","23","36","272","9",
"216","Brandin Podziemski","GSW","30","725.2","239","93","230","0.404","31","105","0.295","22","30","0.733","31","104","135","96","29","7","30","46","410","14",
"217","Josh Green","CHA","33","932.9","238","84","205","0.41","47","117","0.402","23","36","0.639","37","54","91","49","32","11","33","99","312","9",
"218","Ron Holland","DET","37","586.6","238","95","194","0.49","14","66","0.212","34","43","0.791","19","89","108","28","17","6","35","65","304","8",
"219","Aaron Gordon","DEN","17","488.7","233","81","155","0.523","22","50","0.44","49","65","0.754","32","66","98","52","8","3","23","31","337","20",
"220","Sam Hauser","BOS","30","633.5","233","84","195","0.431","63","167","0.377","2","2","1","22","69","91","33","22","6","9","34","339","11",
"221","Jordan Hawkins","NOP","22","505.6","231","76","226","0.336","41","131","0.313","38","44","0.864","8","51","59","22","8","12","21","17","270","12",
"222","Haywood Highsmith","MIA","33","827.2","229","86","174","0.494","42","99","0.424","15","22","0.682","31","82","113","39","31","21","29","73","323","10",
"223","Ziaire Williams","BRK","25","552.3","229","80","193","0.415","27","88","0.307","42","52","0.808","25","89","114","34","23","10","27","67","323","13",
"224","Johnny Juzang","UTA","31","547.5","229","77","180","0.428","53","130","0.408","22","25","0.88","18","64","82","33","11","5","15","59","314","10",
"225","Jaden Hardy","DAL","29","447.7","221","80","186","0.43","33","87","0.379","28","37","0.757","6","40","46","38","17","5","41","46","223","8",
"226","Simone Fontecchio","DET","32","581.7","220","72","172","0.419","40","111","0.36","36","44","0.818","22","74","96","29","12","5","28","40","289","9",
"227","Ajay Mitchell","OKC","34","561.2","218","84","166","0.506","22","51","0.431","28","33","0.848","17","50","67","57","24","3","28","59","286","8",
"228","Jusuf Nurkic","PHX","25","591.8","215","74","163","0.454","19","59","0.322","48","69","0.696","46","183","229","47","23","16","57","78","377","15",
"229","Cameron Payne","NYK","32","488.9","214","77","183","0.421","45","111","0.405","15","18","0.833","9","37","46","87","19","9","22","57","303","9",
"230","Shake Milton","LAL","31","536.5","212","77","169","0.456","30","81","0.37","28","37","0.757","17","44","61","68","15","2","23","45","295","10",
"231","Ryan Dunn","PHX","31","608.5","210","84","192","0.438","35","116","0.302","7","14","0.5","24","69","93","27","17","22","15","71","300","10",
"232","Wendell Carter Jr","ORL","25","615.4","209","77","159","0.484","11","53","0.208","44","61","0.721","39","136","175","54","20","15","22","61","394","16",
"233","Jeremiah Robinson-Earl","NOP","33","617","209","79","178","0.444","26","81","0.321","25","29","0.862","62","95","157","39","24","4","26","41","353","11",
"234","Kyshawn George","WAS","30","767","208","74","224","0.33","36","150","0.24","24","33","0.727","25","95","120","65","23","20","35","88","323","11",
"235","Luke Kennard","MEM","24","508.8","206","66","150","0.44","48","106","0.453","26","30","0.867","14","56","70","78","15","2","23","20","308","13",
"236","Herb Jones","NOP","20","648.1","205","75","172","0.436","22","72","0.306","33","40","0.825","22","56","78","65","37","9","35","66","278","14",
"237","Davion Mitchell","TOR","33","808.5","204","76","187","0.406","30","92","0.326","22","33","0.667","14","54","68","150","25","7","59","86","304","9",
"238","Sam Merrill","CLE","29","556.6","204","67","173","0.387","53","151","0.351","17","18","0.944","11","42","53","47","17","7","14","57","276","10",
"239","Javonte Green","NOP","33","698.5","199","71","154","0.461","24","66","0.364","33","44","0.75","32","74","106","23","31","21","22","47","284","9",
"240","Isaiah Stewart II","DET","33","694.6","193","77","147","0.524","8","31","0.258","31","35","0.886","70","126","196","58","16","44","29","88","389","12",
"241","Trey Lyles","SAC","27","561","190","62","153","0.405","42","109","0.385","24","31","0.774","27","95","122","24","17","13","18","36","300","11",
"242","Talen Horton-Tucker","CHI","30","366.3","188","69","143","0.483","24","63","0.381","26","38","0.684","13","45","58","44","13","8","18","31","254","8",
"243","Jonathan Isaac","ORL","32","535","187","67","164","0.409","21","82","0.256","32","47","0.681","54","96","150","15","25","40","18","46","316","10",
"244","Jamison Battle","TOR","31","419.6","186","65","138","0.471","44","102","0.431","12","14","0.857","19","40","59","30","4","4","12","36","251","8",
"245","Nick Richards","CHA","20","422.5","183","62","110","0.564","0","1","0","59","87","0.678","47","106","153","26","6","26","32","48","298","15",
"246","Tre Mann","CHA","13","319.1","183","70","161","0.435","24","60","0.4","19","21","0.905","12","26","38","39","7","4","25","24","210","16",
"247","Andre Drummond","PHI","26","491.1","182","73","144","0.507","1","10","0.1","35","60","0.583","69","137","206","14","31","10","43","63","316","12",
"248","Jonathan Mogbo","TOR","35","572.8","179","68","148","0.459","8","25","0.32","35","48","0.729","63","85","148","56","26","16","31","64","321","9",
"249","Justin Champagnie","WAS","18","450.8","179","71","131","0.542","25","62","0.403","12","19","0.632","38","74","112","21","21","15","20","45","272","15",
"250","Jared Butler","WAS","26","289.6","175","69","146","0.473","13","36","0.361","24","32","0.75","10","18","28","70","10","3","24","30","225","9",
"251","Bogdan Bogdanovic","ATL","16","407.6","174","60","149","0.403","34","100","0.34","20","21","0.952","10","37","47","37","15","4","28","40","202","13",
"252","JaKobe Walter","TOR","22","435.3","174","64","163","0.393","23","79","0.291","23","34","0.676","20","38","58","33","12","6","21","42","223","10",
"253","Dean Wade","CLE","27","607.6","171","58","134","0.433","43","113","0.381","12","24","0.5","24","112","136","40","24","14","8","47","331","12",
"254","Lindy Waters III","GSW","29","520.9","171","63","165","0.382","39","117","0.333","6","7","0.857","13","60","73","35","20","7","11","47","257","9",
"255","Vasilije Micic","CHA","24","506","171","61","186","0.328","29","88","0.33","20","25","0.8","15","41","56","86","13","0","49","25","215","9",
"256","Cam Whitmore","HOU","18","266.1","171","65","146","0.445","19","65","0.292","22","29","0.759","12","36","48","9","8","3","11","14","206","11",
"257","Monte Morris","PHX","30","425.1","169","58","138","0.42","19","62","0.306","34","40","0.85","8","40","48","51","14","3","14","18","240","8",
"258","Neemias Queta","BOS","30","475.3","167","72","109","0.661","0","2","0","23","32","0.719","50","79","129","19","10","25","20","59","275","9",
"259","Grant Williams","CHA","16","479","166","54","123","0.439","27","74","0.365","31","37","0.838","18","64","82","37","18","13","28","46","229","14",
"260","Matas Buzelis","CHI","35","446.2","166","58","161","0.36","26","81","0.321","24","30","0.8","21","68","89","18","10","28","19","49","235","7",
"261","Marcus Smart","MEM","18","382.1","165","53","142","0.373","29","87","0.333","30","36","0.833","14","28","42","69","23","6","34","30","208","12",
"262","Julian Phillips","CHI","36","491.7","165","59","135","0.437","26","79","0.329","21","32","0.656","29","41","70","16","19","8","15","51","221","6",
"263","Chet Holmgren","OKC","10","264.8","164","56","111","0.505","14","37","0.378","38","49","0.776","16","71","87","20","8","26","23","18","225","22",
"264","Tyrese Martin","BRK","21","393.2","163","59","140","0.421","31","85","0.365","14","21","0.667","20","56","76","35","11","3","20","22","234","11",
"265","Terance Mann","LAC","26","522.3","162","63","139","0.453","20","53","0.377","16","24","0.667","24","50","74","43","25","5","16","50","247","10",
"266","Jamal Shead","TOR","33","524.7","161","64","161","0.398","21","69","0.304","12","19","0.632","8","30","38","116","21","4","49","57","217","7",
"267","Jett Howard","ORL","35","384.1","161","57","149","0.383","33","105","0.314","14","16","0.875","13","26","39","19","5","6","15","34","189","5",
"268","Khris Middleton","MIL","13","306.5","160","57","130","0.438","20","52","0.385","26","31","0.839","4","54","58","63","10","2","27","33","227","17",
"269","Kenrich Williams","OKC","26","343.6","159","61","110","0.555","24","55","0.436","13","14","0.929","22","53","75","26","17","4","10","42","240","9",
"270","Mark Williams","CHA","13","260.8","158","63","102","0.618","0","1","0","32","39","0.821","31","69","100","26","7","12","14","29","256","20",
"271","Zion Williamson","NOP","7","214","158","56","119","0.471","2","8","0.25","44","69","0.638","20","34","54","36","7","8","26","21","196","28",
"272","Seth Curry","CHA","30","415.2","157","58","125","0.464","28","66","0.424","13","15","0.867","12","31","43","15","14","5","10","31","195","6",
"273","Tidjane Salaun","CHA","31","591","156","53","164","0.323","29","103","0.282","21","31","0.677","34","99","133","34","19","6","26","41","271","9",
"274","Zach Collins","SAS","29","392.5","155","56","125","0.448","12","44","0.273","31","35","0.886","35","58","93","47","13","13","23","65","249","9",
"275","KJ Martin","PHI","24","479.6","154","61","99","0.616","8","21","0.381","24","29","0.828","21","51","72","19","11","16","12","62","221","9",
"276","Ricky Council IV","PHI","28","355.9","154","49","117","0.419","12","45","0.267","44","52","0.846","17","44","61","20","7","5","11","21","213","8",
"277","Ben Simmons","BRK","26","652.8","153","69","127","0.543","0","0","0","15","21","0.714","23","113","136","179","22","12","73","60","322","12",
"278","Marcus Sasser","DET","26","359","153","60","124","0.484","25","66","0.379","8","8","1","10","18","28","51","20","4","22","33","188","7",
"279","Donovan Clingan","POR","28","442.5","152","63","123","0.512","5","18","0.278","21","29","0.724","74","92","166","16","12","43","33","71","268","10",
"280","Kyle Anderson","GSW","30","450.1","152","60","140","0.429","17","47","0.362","15","24","0.625","20","69","89","67","24","17","17","35","274","9",
"281","Kevon Looney","GSW","30","465.1","151","66","122","0.541","0","0","0","19","44","0.432","91","110","201","48","23","8","19","65","362","12",
"282","Isaac Okoro","CLE","24","496","151","53","109","0.486","30","63","0.476","15","21","0.714","21","31","52","41","18","10","9","48","226","9",
"283","Kyle Filipowski","UTA","25","432.3","148","56","112","0.5","13","44","0.295","23","40","0.575","22","90","112","46","13","3","26","49","254","10",
"284","Jose Alvarado","NOP","15","353.5","148","50","130","0.385","30","78","0.385","18","22","0.818","10","20","30","59","25","4","20","36","197","13",
"285","Paolo Banchero","ORL","5","182.2","145","48","97","0.495","11","32","0.344","38","59","0.644","12","32","44","28","3","4","11","13","195","39",
"286","Josh Okogie","PHX","23","339.2","144","54","111","0.486","16","42","0.381","20","30","0.667","30","39","69","14","20","9","16","28","195","8",
"287","Larry Nance Jr","ATL","15","290.7","143","55","94","0.585","26","50","0.52","7","8","0.875","16","48","64","24","16","11","11","23","209","14",
"288","Luke Kornet","BOS","31","518.9","141","55","88","0.625","0","0","0","31","44","0.705","65","91","156","46","14","32","12","38","319","10",
"289","Mason Plumlee","PHX","34","595.5","139","52","90","0.578","0","1","0","35","57","0.614","51","164","215","62","13","26","28","70","360","11",
"290","Dalen Terry","CHI","34","454.2","134","48","102","0.471","13","38","0.342","25","36","0.694","19","32","51","36","18","8","31","53","159","5",
"291","Gabe Vincent","LAL","32","610.4","133","50","138","0.362","29","91","0.319","4","8","0.5","10","32","42","31","24","5","19","61","168","5",
"292","Jordan Miller","LAC","23","328.3","132","50","117","0.427","8","35","0.229","24","30","0.8","22","28","50","30","13","3","20","21","172","7",
"293","Ben Sheppard","IND","24","477.5","131","48","116","0.414","31","83","0.373","4","4","1","16","47","63","24","11","7","8","57","202","8",
"294","Gary Payton II","GSW","28","368","130","58","106","0.547","5","32","0.156","9","15","0.6","33","45","78","34","20","10","14","40","214","8",
"295","Nicolas Batum","LAC","37","655.5","127","42","107","0.393","33","87","0.379","10","13","0.769","24","77","101","55","23","14","20","55","243","7",
"296","Eric Gordon","PHI","24","402.5","127","43","110","0.391","22","69","0.319","19","26","0.731","3","19","22","28","15","6","17","16","143","6",
"297","Malaki Branham","SAS","23","264.2","127","46","105","0.438","18","47","0.383","17","20","0.85","3","28","31","26","7","2","26","15","132","6",
"298","Drew Eubanks","UTA","26","354.3","126","51","83","0.614","2","4","0.5","22","35","0.629","27","76","103","29","7","17","24","32","210","8",
"299","Alec Burks","MIA","20","331.8","126","38","86","0.442","29","62","0.468","21","26","0.808","6","35","41","21","12","4","5","13","178","9",
"300","Kris Murray","POR","30","403.9","125","51","111","0.459","13","45","0.289","10","23","0.435","28","38","66","24","13","5","16","32","183","6",
"301","Andre Jackson Jr","MIL","34","602.5","122","48","115","0.417","19","53","0.358","7","13","0.538","35","70","105","51","21","10","38","75","202","6",
"302","Kelel Ware","MIA","20","229.1","113","46","78","0.59","9","21","0.429","12","19","0.632","10","44","54","9","9","15","10","22","156","8",
"303","Bones Hyland","LAC","16","175.6","112","34","93","0.366","25","65","0.385","19","22","0.864","5","13","18","20","12","4","17","17","116","7",
"304","Charles Bassey","SAS","25","259.1","111","48","85","0.565","0","0","0","15","25","0.6","37","64","101","11","8","23","17","36","189","8",
"305","Ausar Thompson","DET","15","273.9","111","49","97","0.505","4","18","0.222","9","22","0.409","23","47","70","25","22","4","24","38","158","11",
"306","Immanuel Quickley","TOR","7","194.3","111","37","97","0.381","14","43","0.326","23","25","0.92","1","17","18","46","5","1","12","13","151","22",
"307","Daniel Theis","NOP","28","412.9","110","41","87","0.471","7","27","0.259","21","24","0.875","28","85","113","40","11","16","17","46","229","8",
"308","Alex Caruso","OKC","20","398.2","110","43","114","0.377","17","65","0.262","7","9","0.778","12","46","58","49","38","12","15","40","187","9",
"309","DayRon Sharpe","BRK","15","251.3","109","43","96","0.448","3","20","0.15","20","23","0.87","40","51","91","22","12","7","16","28","190","13",
"310","Trendon Watford","BRK","12","208.6","108","35","79","0.443","8","26","0.308","30","35","0.857","4","32","36","15","5","4","16","30","127","11",
"311","Oso Ighodaro","PHX","28","440.2","107","48","83","0.578","0","1","0","11","19","0.579","29","75","104","27","12","9","17","47","204","7",
"312","Kyle Lowry","PHI","25","496.9","104","31","87","0.356","22","65","0.338","20","25","0.8","8","38","46","68","25","8","18","47","182","7",
"313","Moussa Diabate","CHA","30","537.4","103","46","76","0.605","0","0","0","11","25","0.44","92","113","205","19","19","22","27","51","273","9",
"314","Quenton Jackson","IND","18","253.6","102","39","76","0.513","9","24","0.375","15","21","0.714","10","17","27","31","9","5","11","32","138","8",
"315","Paul Reed Jr","DET","21","230.5","100","38","68","0.559","5","15","0.333","19","23","0.826","15","33","48","21","26","13","12","35","145","7",
"316","Reed Sheppard","HOU","30","349.2","100","38","118","0.322","19","68","0.279","5","6","0.833","10","28","38","35","16","10","18","28","137","5",
"317","David Roddy","ATL","20","261.1","99","36","65","0.554","13","32","0.406","14","16","0.875","6","42","48","23","9","4","17","13","136","7",
"318","Sandro Mamukelashvili","SAS","22","198.3","99","34","64","0.531","18","43","0.419","13","18","0.722","12","47","59","8","4","6","9","14","148","7",
"319","Lonzo Ball","CHI","18","346.4","98","33","96","0.344","23","78","0.295","9","12","0.75","7","53","60","64","27","9","21","25","180","10",
"320","Pelle Larsson","MIA","22","307.7","98","35","72","0.486","11","33","0.333","17","27","0.63","11","25","36","27","11","1","11","43","139","6",
"321","Thomas Bryant","IND","21","241.1","97","34","69","0.493","14","38","0.368","15","15","1","19","48","67","13","5","13","5","20","167","8",
"322","Aaron Holiday","HOU","25","263.8","97","33","77","0.429","18","47","0.383","13","15","0.867","4","20","24","30","8","2","9","22","133","5",
"323","Precious Achiuwa","NYK","17","319.2","96","40","76","0.526","5","14","0.357","11","21","0.524","31","69","100","16","10","12","16","22","180","11",
"324","Kelly Olynyk","TOR","14","215.4","96","33","71","0.465","11","25","0.44","19","23","0.826","14","40","54","27","12","3","21","32","135","10",
"325","Cam Reddish","LAL","28","523.6","95","35","78","0.449","12","41","0.293","13","21","0.619","13","44","57","22","30","10","12","41","150","5",
"326","Kevin Love","MIA","16","182.5","95","32","91","0.352","18","50","0.36","13","19","0.684","17","55","72","19","13","2","13","14","160","10",
"327","Ryan Rollins","MIL","21","234.6","94","36","76","0.474","13","33","0.394","9","11","0.818","6","30","36","23","19","8","17","25","119","6",
"328","Vit Krejci","ATL","22","344.3","93","33","86","0.384","17","54","0.315","10","14","0.714","10","38","48","43","13","8","20","41","144","7",
"329","Marvin Bagley III","WAS","19","166.5","93","38","71","0.535","2","10","0.2","15","23","0.652","27","29","56","7","7","5","11","12","134","7",
"330","Doug McDermott","SAC","25","218","91","31","73","0.425","26","63","0.413","3","5","0.6","2","14","16","4","4","1","4","22","103","4",
"331","Blake Wesley","SAS","24","261.8","89","35","76","0.461","4","20","0.2","15","21","0.714","6","15","21","46","9","3","23","14","110","5",
"332","Svi Mykhailiuk","UTA","11","187.4","89","31","76","0.408","20","57","0.351","7","9","0.778","1","18","19","16","11","2","17","11","90","8",
"333","Dru Smith","MIA","14","268.2","88","31","61","0.508","16","30","0.533","10","13","0.769","12","24","36","23","21","6","17","30","113","8",
"334","Isaiah Collier","UTA","27","492.9","87","35","114","0.307","7","46","0.152","10","21","0.476","6","59","65","102","21","5","64","49","126","5",
"335","Jabari Walker","POR","25","252.9","85","34","76","0.447","4","22","0.182","13","18","0.722","21","52","73","13","8","3","13","28","145","6",
"336","Mohamed Bamba","LAC","20","251.4","81","31","74","0.419","8","35","0.229","11","15","0.733","17","64","81","12","9","21","12","35","150","8",
"337","Pat Connaughton","MIL","18","284.9","81","29","76","0.382","14","47","0.298","9","12","0.75","10","41","51","28","4","6","11","22","138","8",
"338","Gary Harris","ORL","20","326.5","81","29","72","0.403","19","54","0.352","4","8","0.5","10","15","25","10","13","5","9","14","98","5",
"339","DeAndre Jordan","DEN","24","271.1","80","36","57","0.632","0","0","0","8","20","0.4","26","76","102","22","8","10","16","30","172","7",
"340","Jaxson Hayes","LAL","15","237.7","80","29","45","0.644","0","0","0","22","29","0.759","25","37","62","11","6","12","9","37","135","9",
"341","Antonio Reeves","NOP","17","154.5","80","31","74","0.419","11","37","0.297","7","8","0.875","6","12","18","10","6","0","5","7","98","6",
"342","Robert Williams","POR","12","198.3","79","33","46","0.717","1","3","0.333","12","13","0.923","19","41","60","12","9","20","9","14","133","11",
"343","Rayan Rupert","POR","26","251.5","79","29","69","0.42","9","31","0.29","12","16","0.75","18","18","36","13","8","2","13","19","102","4",
"344","Reggie Jackson","PHI","20","237.6","78","29","77","0.377","18","49","0.367","2","3","0.667","5","21","26","32","10","3","11","19","114","6",
"345","Isaac Jones","SAC","21","173.3","76","32","48","0.667","1","4","0.25","11","20","0.55","10","21","31","4","2","8","11","22","89","4",
"346","Keaton Wallace","ATL","16","248","75","29","71","0.408","13","37","0.351","4","4","1","2","20","22","30","13","6","17","15","93","6",
"347","Nick Smith Jr","CHA","17","172.4","73","28","71","0.394","16","40","0.4","1","2","0.5","2","20","22","16","4","2","3","9","105","6",
"348","Cody Williams","UTA","20","393.6","71","25","83","0.301","10","44","0.227","11","16","0.688","10","37","47","25","8","6","15","32","113","6",
"349","Jamal Cain","NOP","16","224.6","69","25","55","0.455","9","28","0.321","10","16","0.625","15","30","45","10","8","7","7","20","110","7",
"350","Josh Minott","MIN","22","164.6","69","28","52","0.538","6","23","0.261","7","9","0.778","6","23","29","13","10","7","7","19","97","4",
"351","Tre Jones","SAS","19","314.1","68","25","55","0.455","4","18","0.222","14","18","0.778","11","32","43","74","13","4","13","25","159","8",
"352","Johnny Davis","WAS","24","195.6","67","27","62","0.435","6","22","0.273","7","11","0.636","7","25","32","9","12","6","4","16","100","4",
"353","Jaylen Nowell","NOP","8","168.1","67","26","73","0.356","8","27","0.296","7","11","0.636","6","14","20","18","1","4","8","9","89","11",
"354","Steven Adams","HOU","23","240.7","66","26","43","0.605","0","0","0","14","35","0.4","47","51","98","24","6","5","22","23","144","6",
"355","Delon Wright","MIL","23","369.7","64","22","72","0.306","12","44","0.273","8","14","0.571","15","27","42","42","19","7","13","17","122","5",
"356","Maxi Kleber","DAL","25","492.1","64","24","61","0.393","7","27","0.259","9","12","0.75","17","62","79","26","7","12","18","49","133","5",
"357","Jaesean Tate","HOU","19","186.6","64","24","50","0.48","4","13","0.308","12","17","0.706","13","29","42","14","11","1","8","33","104","5",
"358","John Konchar","MEM","21","310.6","63","23","58","0.397","12","41","0.293","5","6","0.833","25","67","92","26","13","10","10","23","161","8",
"359","Max Strus","CLE","8","185.5","62","22","53","0.415","15","42","0.357","3","3","1","8","22","30","26","2","3","8","17","102","13",
"360","Torrey Craig","CHI","9","112.9","62","22","45","0.489","15","35","0.429","3","4","0.75","8","17","25","5","2","1","0","15","92","10",
"361","DeAnthony Melton","GSW","6","121","62","22","54","0.407","13","35","0.371","5","8","0.625","6","14","20","17","7","2","10","18","79","13",
"362","Isaiah Wong","CHA","10","142.6","61","20","56","0.357","4","17","0.235","17","26","0.654","12","10","22","18","6","0","10","11","81","8",
"363","Wendell Moore Jr","DET","16","207.1","60","22","48","0.458","3","13","0.231","13","14","0.929","11","33","44","22","10","3","9","15","108","7",
"364","Olivier-Maxence Prosper","DAL","26","181","60","20","53","0.377","4","16","0.25","16","25","0.64","19","29","48","12","8","2","4","9","112","4",
"365","Trevelin Queen","ORL","11","169","60","21","45","0.467","11","24","0.458","7","8","0.875","5","8","13","18","12","4","12","21","67","6",
"366","DaQuan Jeffries","CHA","8","151.7","60","24","45","0.533","9","20","0.45","3","4","0.75","6","17","23","5","5","5","6","14","76","10",
"367","Johnny Furphy","IND","24","210.6","60","21","55","0.382","11","32","0.344","7","7","1","13","16","29","9","8","6","9","20","80","3",
"368","Hunter Tyson","DEN","26","218.6","59","19","46","0.413","8","26","0.308","13","15","0.867","9","32","41","11","4","4","9","27","93","4",
"369","Bruno Fernando","TOR","17","146.6","58","26","49","0.531","0","0","0","6","8","0.75","21","30","51","18","4","9","14","27","99","6",
"370","Jock Landale","HOU","20","183","58","22","53","0.415","3","7","0.429","11","20","0.55","23","30","53","15","3","7","10","15","106","5",
"371","Ousmane Dieng","OKC","20","203.8","58","21","65","0.323","9","38","0.237","7","11","0.636","9","38","47","14","13","4","5","19","109","5",
"372","Jevon Carter","CHI","17","114.4","57","20","45","0.444","13","31","0.419","4","6","0.667","2","12","14","14","5","0","6","4","73","4",
"373","Aaron Nesmith","IND","6","136.2","55","19","36","0.528","6","11","0.545","11","13","0.846","4","20","24","6","4","2","5","24","75","12",
"374","Rob Dillingham","MIN","15","127.4","55","23","51","0.451","9","21","0.429","0","0","0","1","10","11","25","2","0","16","5","59","4",
"375","Jericho Sims","NYK","32","372","54","24","38","0.632","0","0","0","6","9","0.667","41","73","114","20","7","10","19","40","150","5",
"376","Caleb Houstan","ORL","25","222.9","54","17","56","0.304","15","49","0.306","5","5","1","5","12","17","7","6","3","2","16","74","3",
"377","Dillon Jones","OKC","26","209.8","53","20","61","0.328","7","36","0.194","6","12","0.5","16","30","46","17","4","2","9","23","98","4",
"378","Anthony Gill","WAS","25","165.1","53","19","38","0.5","5","14","0.357","10","18","0.556","6","21","27","6","6","1","6","13","74","3",
"379","Kobe Bufkin","ATL","10","123.6","53","18","47","0.383","4","19","0.211","13","18","0.722","5","16","21","17","3","2","8","9","75","8",
"380","Kai Jones","LAC","23","183.4","51","21","30","0.7","0","2","0","9","12","0.75","14","27","41","10","6","12","9","22","84","4",
"381","KJ Simpson","CHA","12","172.9","51","18","61","0.295","5","29","0.172","10","15","0.667","12","9","21","20","9","2","12","15","68","6",
"382","Craig Porter Jr","CLE","21","175.3","50","20","37","0.541","5","11","0.455","5","7","0.714","2","15","17","24","5","7","9","9","73","3",
"383","Jordan McLaughlin","SAC","24","173.7","49","15","41","0.366","9","24","0.375","10","14","0.714","4","16","20","22","10","0","11","12","69","3",
"384","Tyler Kolek","NYK","22","131.2","48","17","42","0.405","10","25","0.4","4","4","1","2","11","13","15","6","1","8","12","60","3",
"385","Elfrid Payton","NOP","7","143.8","47","23","46","0.5","0","1","0","1","2","0.5","5","19","24","48","10","3","20","10","79","11",
"386","Dwight Powell","DAL","30","227.9","46","13","17","0.765","1","1","1","19","28","0.679","21","36","57","21","10","15","7","33","110","4",
"387","Alex Len","SAC","29","211.1","46","20","37","0.541","0","4","0","6","11","0.545","20","35","55","25","5","16","8","26","110","4",
"388","Cory Joseph","ORL","22","153.4","46","17","46","0.37","12","31","0.387","0","0","0","5","15","20","19","7","2","7","10","71","3",
"389","Christian Koloko","LAL","21","201.3","45","21","35","0.6","0","2","0","3","4","0.75","24","29","53","7","6","8","7","26","91","4",
"390","Jordan Walsh","BOS","26","228.9","45","16","47","0.34","8","32","0.25","5","10","0.5","11","22","33","8","7","8","7","16","72","3",
"391","Patty Mills","UTA","11","174.9","45","16","47","0.34","10","35","0.286","3","3","1","1","10","11","16","9","2","11","9","50","5",
"392","Micah Potter","UTA","12","205","42","15","38","0.395","11","31","0.355","1","1","1","15","34","49","13","3","5","9","11","86","7",
"393","Jaylon Tyson","CLE","21","152.7","42","17","40","0.425","4","15","0.267","4","8","0.5","13","22","35","14","5","0","10","24","71","3",
"394","Dario Saric","DEN","12","172.9","41","15","50","0.3","6","24","0.25","5","6","0.833","12","31","43","17","7","1","14","17","73","6",
"395","Duop Reath","POR","16","94.2","41","14","34","0.412","9","24","0.375","4","6","0.667","8","8","16","4","0","2","1","11","59","4",
"396","Cam Spencer","MEM","10","120.8","40","13","30","0.433","5","16","0.313","9","9","1","5","12","17","16","3","1","5","11","63","6",
"397","Taj Gibson","CHA","15","159.2","38","16","34","0.471","1","2","0.5","5","8","0.625","21","24","45","7","6","4","9","18","72","5",
"398","Adem Bona","PHI","20","147.6","38","12","20","0.6","0","0","0","14","19","0.737","12","29","41","5","1","13","10","26","64","3",
"399","Trey Jemison","NOP","16","166.2","38","15","32","0.469","0","0","0","8","21","0.381","22","22","44","10","7","6","10","27","72","4",
"400","Jaylin Williams","OKC","9","106.5","37","13","32","0.406","11","29","0.379","0","0","0","5","23","28","18","2","2","4","9","75","8",
"401","Jeff Dowtin","PHI","13","125.8","37","14","33","0.424","2","9","0.222","7","11","0.636","2","11","13","13","4","1","2","7","59","5",
"402","Jeff Green","HOU","11","93.6","37","13","25","0.52","5","15","0.333","6","8","0.75","1","12","13","1","3","0","3","8","45","4",
"403","Kobe Brown","LAC","11","84","36","15","30","0.5","3","8","0.375","3","4","0.75","6","20","26","6","1","0","1","8","66","6",
"404","Chris Duarte","CHI","14","68.3","36","12","25","0.48","6","14","0.429","6","8","0.75","5","14","19","8","0","0","1","7","61","4",
"405","Isaiah Jackson","IND","5","83.9","35","14","23","0.609","0","0","0","7","14","0.5","11","17","28","5","3","8","5","14","58","12",
"406","Drew Peterson","BOS","11","108.8","35","11","22","0.5","7","17","0.412","6","7","0.857","5","18","23","8","2","2","5","10","56","5",
"407","Patrick Baldwin Jr","WAS","16","65.7","35","13","23","0.565","7","13","0.538","2","4","0.5","4","9","13","1","2","2","3","4","43","3",
"408","Luka Garza","MIN","9","46.4","35","14","25","0.56","2","8","0.25","5","8","0.625","4","7","11","1","1","0","3","4","41","5",
"409","Jalen Pickett","DEN","11","87.7","34","13","24","0.542","8","16","0.5","0","0","0","1","10","11","21","1","1","5","7","56","5",
"410","Brandon Williams","DAL","10","65.8","34","12","26","0.462","2","8","0.25","8","11","0.727","2","6","8","6","1","0","5","4","38","4",
"411","Tristan Thompson","CLE","15","101.7","32","14","30","0.467","0","1","0","4","16","0.25","9","27","36","4","0","4","6","10","60","4",
"412","Enrique Freeman","IND","18","135.5","32","12","25","0.48","1","6","0.167","7","13","0.538","5","13","18","7","2","2","5","17","47","3",
"413","Josh Richardson","MIA","8","149.5","32","11","38","0.289","6","22","0.273","4","4","1","6","6","12","12","8","1","8","17","40","5",
"414","Landry Shamet","NYK","9","112.9","31","14","30","0.467","3","13","0.231","0","0","0","2","5","7","6","6","1","4","8","36","4",
"415","MarJon Beauchamp","MIL","17","68.8","30","11","27","0.407","3","13","0.231","5","6","0.833","3","14","17","2","1","1","12","5","25","1",
"416","Moses Brown","IND","9","45.6","29","13","20","0.65","0","0","0","3","5","0.6","4","9","13","0","2","1","6","6","30","3",
"417","Bol Bol","PHX","8","49.3","28","11","19","0.579","2","8","0.25","4","6","0.667","4","8","12","1","0","2","3","1","35","4",
"418","JT Thor","CLE","7","32.7","28","9","12","0.75","3","4","0.75","7","8","0.875","3","3","6","0","2","3","4","4","26","4",
"419","Bruce Brown Jr","TOR","5","89.9","27","11","29","0.379","1","6","0.167","4","5","0.8","3","7","10","3","3","0","3","7","34","7",
"420","Xavier Tillman Sr","BOS","22","172.5","25","10","36","0.278","4","19","0.211","1","2","0.5","8","26","34","6","8","5","7","13","51","2",
"421","Zeke Nnaji","DEN","21","97","25","12","29","0.414","0","9","0","1","5","0.2","2","5","7","4","1","2","2","9","32","2",
"422","Colby Jones","SAC","22","119.1","24","10","24","0.417","4","9","0.444","0","0","0","6","14","20","5","5","5","7","13","35","2",
"423","Justin Edwards","PHI","7","71.6","24","10","22","0.455","4","14","0.286","0","1","0","4","9","13","3","2","2","2","7","36","5",
"424","Tosan Evbuomwan","BRK","3","73.7","24","9","18","0.5","1","6","0.167","5","9","0.556","3","11","14","3","1","2","4","5","33","11",
"425","Yuki Kawamura","MEM","16","54.3","24","8","21","0.381","4","15","0.267","4","6","0.667","0","6","6","12","1","0","4","7","34","2",
"426","Jazian Gortman","DAL","15","55.1","24","9","23","0.391","4","11","0.364","2","4","0.5","1","4","5","6","2","1","5","9","25","2",
"427","Pat Spencer","GSW","14","84","22","9","25","0.36","0","4","0","4","6","0.667","6","11","17","22","8","1","6","6","49","4",
"428","Ariel Hukporti","NYK","12","98.8","22","9","14","0.643","0","0","0","4","8","0.5","4","18","22","6","0","8","10","14","30","2",
"429","Tyler Smith","MIL","11","38.1","22","9","14","0.643","3","8","0.375","1","2","0.5","1","9","10","1","0","3","3","4","27","2",
"430","Dariq Whitehead","BRK","5","30.5","21","7","14","0.5","7","13","0.538","0","0","0","0","3","3","1","3","1","3","2","19","4",
"431","Jaden Springer","BOS","15","64.2","20","4","14","0.286","0","4","0","12","15","0.8","4","10","14","5","4","0","2","10","35","2",
"432","Jae Crowder","SAC","6","89","20","6","17","0.353","3","12","0.25","5","6","0.833","6","11","17","4","3","0","4","10","33","6",
"433","Kawhi Leonard","LAC","2","40.1","20","7","22","0.318","5","10","0.5","1","3","0.333","2","3","5","3","2","0","3","2","22","11",
"434","Orlando Robinson","SAC","9","57.1","19","7","17","0.412","1","5","0.2","4","7","0.571","3","11","14","9","3","1","4","6","34","4",
"435","Pacome Dadiet","NYK","12","81.9","19","6","20","0.3","5","14","0.357","2","2","1","0","13","13","5","1","2","1","5","35","3",
"436","Damion Lee","PHX","8","47.7","19","5","21","0.238","1","12","0.083","8","8","1","1","5","6","5","2","0","3","2","24","3",
"437","Reece Beekman","BRK","9","63","19","8","17","0.471","1","5","0.2","2","3","0.667","1","1","2","3","2","1","6","4","12","1",
"438","Devin Carter","SAC","3","43.8","18","6","18","0.333","2","10","0.2","4","6","0.667","3","13","16","7","1","2","2","4","37","12",
"439","Vincent Williams Jr","MEM","3","44.8","16","7","19","0.368","1","8","0.125","1","4","0.25","4","7","11","9","0","2","7","9","22","7",
"440","Richaun Holmes","WAS","6","53.4","15","6","14","0.429","0","1","0","3","3","1","6","13","19","1","0","4","2","5","31","5",
"441","Sidy Cissoko","SAS","13","41.5","15","6","13","0.462","3","6","0.5","0","4","0","2","6","8","6","0","0","1","5","27","2",
"442","EJ Liddell","CHI","6","30.5","15","5","8","0.625","3","6","0.5","2","2","1","1","4","5","3","1","1","2","8","19","3",
"443","Terrence Shannon Jr","MIN","10","45.5","15","7","13","0.538","1","3","0.333","0","0","0","0","2","2","5","2","1","3","1","16","2",
"444","Adam Flagler","OKC","11","40","15","5","20","0.25","5","19","0.263","0","0","0","2","4","6","0","2","0","0","4","21","2",
"445","Matt Ryan","NYK","12","50.2","15","6","21","0.286","3","14","0.214","0","0","0","0","3","3","0","1","0","3","1","12","1",
"446","Keshad Johnson","MIA","6","46.4","14","6","10","0.6","1","4","0.25","1","4","0.25","1","12","13","2","1","4","2","4","25","4",
"447","Taylor Hendricks","UTA","3","74.5","14","4","18","0.222","3","12","0.25","3","4","0.75","5","10","15","2","5","4","2","8","27","9",
"448","Colin Castleton","MEM","10","46.1","14","2","10","0.2","0","4","0","10","11","0.909","3","6","9","0","1","1","1","6","21","2",
"449","Armel Traore","LAL","8","61.3","12","5","18","0.278","0","7","0","2","7","0.286","1","13","14","1","4","2","2","6","23","3",
"450","Gui Santos","GSW","12","62.5","10","4","13","0.308","1","9","0.111","1","2","0.5","3","9","12","5","1","2","4","8","19","2",
"451","Markieff Morris","DAL","5","25.1","10","4","14","0.286","2","7","0.286","0","0","0","0","6","6","3","0","1","2","1","15","3",
"452","Vlatko Cancar","DEN","4","34.5","9","4","7","0.571","1","2","0.5","0","0","0","3","5","8","0","0","1","2","4","13","3",
"453","AJ Lawson","TOR","3","13.6","9","3","7","0.429","2","5","0.4","1","2","0.5","1","2","3","0","0","0","0","0","12","4",
"454","Lester Quinones","PHI","4","17","9","4","8","0.5","0","3","0","1","1","1","3","1","4","1","0","0","4","0","6","2",
"455","Trey Alexander","DEN","12","53.2","9","3","14","0.214","1","7","0.143","2","2","1","0","2","2","5","0","1","1","3","14","1",
"456","Trentyn Flowers","LAC","1","14.4","9","4","9","0.444","0","2","0","1","1","1","1","3","4","0","0","0","1","3","11","11",
"457","Karlo Matkovic","NOP","6","44.6","8","4","8","0.5","0","1","0","0","0","0","7","7","14","1","4","3","4","4","15","2",
"458","Luke Travers","CLE","6","41.6","8","3","7","0.429","0","3","0","2","2","1","1","5","6","5","1","1","2","3","15","2",
"459","TyTy Washington Jr","PHX","4","27.6","8","3","6","0.5","2","3","0.667","0","0","0","0","1","1","4","2","0","1","0","11","3",
"460","Adama Sanogo","CHI","4","21.5","8","4","7","0.571","0","0","0","0","0","0","5","1","6","1","0","0","1","1","13","3",
"461","James Johnson","IND","6","23.2","8","4","7","0.571","0","1","0","0","1","0","0","4","4","3","0","2","4","3","7","1",
"462","Jack McVeigh","HOU","6","21.4","8","3","11","0.273","2","8","0.25","0","0","0","1","3","4","1","0","1","1","1","11","2",
"463","Garrett Temple","TOR","12","50.6","7","2","10","0.2","1","5","0.2","2","2","1","1","8","9","9","5","1","4","6","17","1",
"464","PJ Dozier","MIN","9","34.9","7","2","3","0.667","2","3","0.667","1","6","0.167","1","4","5","5","1","0","1","3","15","2",
"465","Nate Williams Jr","HOU","4","13.1","7","3","5","0.6","1","3","0.333","0","0","0","0","3","3","0","1","1","1","0","8","2",
"466","Maxwell Lewis","BRK","8","30.5","7","3","7","0.429","1","1","1","0","0","0","2","0","2","2","1","0","2","1","7","1",
"467","AJ Johnson","MIL","5","10.7","7","3","6","0.5","1","1","1","0","0","0","0","2","2","1","0","0","2","0","6","1",
"468","Stanley Umude","MIL","10","34.2","6","2","6","0.333","2","5","0.4","0","2","0","1","8","9","2","2","1","0","3","17","2",
"469","Liam Robbins","MIL","9","41.7","6","2","6","0.333","0","1","0","2","6","0.333","5","5","10","2","1","1","3","5","12","1",
"470","Taze Moore","POR","2","19.9","6","2","10","0.2","1","4","0.25","1","2","0.5","4","4","8","1","2","0","2","0","11","6",
"471","Dominick Barlow","ATL","7","30.3","6","2","7","0.286","1","2","0.5","1","2","0.5","0","4","4","1","1","0","0","2","11","2",
"472","James Wiseman","IND","1","4.6","6","2","4","0.5","0","1","0","2","2","1","0","1","1","0","0","0","0","0","7","7",
"473","JD Davison","BOS","5","23.6","6","2","5","0.4","1","3","0.333","1","2","0.5","0","2","2","1","1","0","6","1","-3","-1",
"474","Alondes Williams","DET","1","3.7","5","2","2","1","1","1","1","0","0","0","0","0","0","1","0","0","0","0","6","6",
"475","Cameron Christie","LAC","1","17.8","5","2","7","0.286","1","4","0.25","0","0","0","1","2","3","0","2","0","1","0","6","6",
"476","Josh Christopher","MIA","4","18.2","5","2","3","0.667","0","1","0","1","2","0.5","0","2","2","3","0","1","4","1","2","0",
"477","Branden Carlson","OKC","7","24.9","4","1","8","0.125","0","6","0","2","2","1","3","6","9","3","1","1","1","1","14","2",
"478","Jared Rhoden","CHA","4","11.7","4","2","8","0.25","0","2","0","0","0","0","2","2","4","2","1","0","1","1","8","2",
"479","Baylor Scheierman","BOS","5","34","4","1","10","0.1","0","6","0","2","2","1","2","5","7","2","1","0","0","3","13","3",
"480","Jalen Hood-Schifino","LAL","2","14.1","4","1","1","1","0","0","0","2","2","1","1","0","1","1","0","1","1","3","4","2",
"481","PJ Hall","DEN","6","13.6","4","2","5","0.4","0","2","0","0","0","0","0","3","3","0","0","1","0","1","7","1",
"482","Ulrich Chomche","TOR","5","18.8","4","2","3","0.667","0","0","0","0","0","0","2","2","4","1","0","0","2","4","5","1",
"483","Bronny James","LAL","9","21.6","4","1","9","0.111","0","4","0","2","2","1","1","0","1","3","1","1","0","2","8","1",
"484","Oscar Tshiebwe","UTA","1","15.7","3","0","0","0","0","0","0","3","4","0.75","3","6","9","0","2","0","1","3","10","10",
"485","Pete Nance","PHI","1","2.9","3","1","1","1","1","1","1","0","0","0","0","1","1","0","0","0","0","3","4","4",
"486","Collin Gillespie","PHX","1","3.5","3","1","2","0.5","1","1","1","0","0","0","0","0","0","0","0","0","0","0","3","3",
"487","Jaylen Martin","BRK","3","4.7","3","1","2","0.5","1","1","1","0","0","0","0","0","0","0","0","0","0","1","3","1",
"488","DJ Carton","TOR","4","33.4","3","1","7","0.143","0","3","0","1","1","1","0","4","4","3","2","0","4","1","2","0",
"489","David Duke","SAS","1","8.2","3","1","4","0.25","0","1","0","1","2","0.5","0","0","0","2","0","0","0","1","5","5",
"490","Quincy Olivari","LAL","1","8.2","3","1","3","0.333","1","3","0.333","0","0","0","0","0","0","0","0","0","1","0","1","1",
"491","Cui Yongxi","BRK","5","10.3","3","1","7","0.143","0","3","0","1","2","0.5","0","2","2","0","0","0","0","0","5","1",
"492","Tristen Newton","IND","5","8.1","3","1","6","0.167","0","3","0","1","1","1","0","0","0","1","0","0","1","2","2","0",
"493","Jacob Toppin","NYK","11","28.2","2","1","5","0.2","0","2","0","0","0","0","1","4","5","4","0","0","1","1","9","1",
"494","Chris Livingston","MIL","3","6","2","1","2","0.5","0","0","0","0","0","0","1","1","2","1","1","0","1","0","3","1",
"495","Bryce McGowens","POR","2","6.7","2","1","2","0.5","0","1","0","0","0","0","1","0","1","1","0","0","0","0","4","2",
"496","Leonard Miller","MIN","1","1.6","2","0","0","0","0","0","0","2","2","1","0","0","0","0","1","0","0","0","2","2",
"497","Alex Reese","OKC","1","1.9","2","1","1","1","0","0","0","0","0","0","1","0","1","0","0","0","0","0","3","3",
"498","Quinten Post","GSW","2","5.5","2","1","3","0.333","0","2","0","0","0","0","1","0","1","1","0","0","0","0","4","2",
"499","Spencer Jones","DEN","5","12.8","2","1","4","0.25","0","3","0","0","0","0","0","3","3","0","2","0","1","1","3","1",
"500","Tristan Vukcevic","WAS","3","6.8","2","1","4","0.25","0","3","0","0","0","0","1","0","1","0","0","1","0","1","3","1",
"501","Mouhamed Gueye","ATL","2","11.4","2","1","4","0.25","0","2","0","0","0","0","0","2","2","0","0","0","1","0","2","1",
"502","Malevy Leons","OKC","6","21","2","0","2","0","0","1","0","2","4","0.5","1","2","3","1","0","0","1","4","4","1",
"503","Daishen Nix","MIN","3","13.2","1","0","1","0","0","1","0","1","2","0.5","0","4","4","3","0","0","4","1","0","0",
"504","Jalen Bridges","PHX","4","16.8","1","0","3","0","0","3","0","1","2","0.5","0","3","3","0","0","0","2","0","0","0",
"505","Mason Jones","SAC","3","12.6","0","0","2","0","0","2","0","0","0","0","1","3","4","7","0","0","0","1","11","4",
"506","Joe Ingles","MIN","8","26.2","0","0","2","0","0","2","0","0","0","0","2","0","2","9","0","0","1","5","9","1",
"507","Mac McClung","ORL","1","4.9","0","0","0","0","0","0","0","0","0","0","0","1","1","2","0","0","0","0","3","3",
"508","Riley Minix","SAS","1","6.8","0","0","1","0","0","1","0","0","0","0","0","2","2","0","0","0","0","0","2","2",
"509","Bobi Klintman","DET","1","4.3","0","0","0","0","0","0","0","0","0","0","0","2","2","0","0","0","0","2","2","2",
"510","Justin Minaya","POR","1","6.1","0","0","0","0","0","0","0","0","0","0","0","1","1","0","0","0","0","1","1","1",
"511","Isaiah Crawford","SAC","2","6.6","0","0","0","0","0","0","0","0","0","0","0","1","1","0","0","0","0","1","1","0",
"512","Emoni Bates","CLE","1","0","0","0","0","0","0","0","0","0","0","0","0","0","0","0","0","0","0","0","0","0",
"513","Harrison Ingram","SAS","1","6.8","0","0","1","0","0","0","0","0","0","0","0","1","1","0","0","0","0","1","1","1",
"514","Cole Swider","DET","2","13.1","0","0","5","0","0","5","0","0","0","0","0","2","2","1","0","0","0","1","3","2",
"515","Alex Ducas","OKC","4","7.3","0","0","3","0","0","2","0","0","0","0","0","0","0","0","0","0","0","0","0","0",
"516","Kessler Edwards","DAL","12","26.4","0","0","6","0","0","4","0","0","0","0","0","2","2","1","0","1","1","4","1","0",
"517","Daniss Jenkins","DET","3","8","0","0","4","0","0","4","0","0","0","0","0","0","0","0","0","0","1","1","-2","-1",
